Town,Town Key,Current ECS Entitlement,% of Total,Percent Increase,Enhanced Education Funding,New Total Funding (ECS + EEF),District Numbers,District Labels,District Count,Needs Review
Andover,andover,2004782,0.08,14.861266711293297,297936,2302718,55,55th District,1,no
Ansonia,ansonia,21332353,0.87,14.861286047535401,3170262,24502615,,,0,yes
Ashford,ashford,3459062,0.14,14.861283203365536,514061,3973123,,,0,yes
Avon,avon,909358,0.04,14.86125376364424,135142,1044500,,,0,yes
Barkhamsted,barkhamsted,1494242,0.06,14.861314298487127,222064,1716306,62,62nd District,1,no
Beacon Falls,beaconfalls,4080374,0.17,14.861284774385878,606396,4686770,105,105th District,1,no
Berlin,berlin,7237662,0.29,14.861290842263703,1075610,8313272,30,30th District,1,no
Bethany,bethany,1764574,0.07,14.861263965126994,262238,2026812,89,89th District,1,no
Bethel,bethel,10047664,0.41,14.861285170363978,1493212,11540876,107,107th District,1,no
Bethlehem,bethlehem,1218610,0.05,14.861276372260198,181101,1399711,66,66th District,1,no
Bloomfield,bloomfield,8047852,0.33,14.861282240279767,1196014,9243866,,,0,yes
Bolton,bolton,2683216,0.11,14.861270952468978,398760,3081976,8; 55,8th District; 55th District,2,no
Bozrah,bozrah,1190095,0.05,14.861250572433294,176863,1366958,48,48th District,1,no
Branford,branford,3772866,0.15,14.861275221542455,560696,4333562,,,0,yes
Bridgeport,bridgeport,212796357,8.66,14.86128590067921,31624275,244420632,,,0,yes
Bridgewater,bridgewater,187715,0.01,14.861358975041952,27897,215612,69,69th District,1,no
Bristol,bristol,55102941,2.24,14.861286623521602,8189006,63291947,78,78th District,1,no
Brookfield,brookfield,1379178,0.06,14.861315943264755,204964,1584142,107,107th District,1,no
Brooklyn,brooklyn,6969690,0.28,14.8612922525966,1035786,8005476,47,47th District,1,no
Burlington,burlington,4699203,0.19,14.861286052124159,698362,5397565,76,76th District,1,no
Canaan,canaan,125752,0.01,14.860996246580571,18688,144440,,,0,yes
Canterbury,canterbury,4004835,0.16,14.861286420039777,595170,4600005,47,47th District,1,no
Canton,canton,4068515,0.17,14.861294600118224,604634,4673149,,,0,yes
Chaplin,chaplin,1652147,0.07,14.861268398029958,245530,1897677,47,47th District,1,no
Cheshire,cheshire,9439993,0.38,14.861282206459265,1402904,10842897,89,89th District,1,no
Chester,chester,991921,0.04,14.861264153092838,147412,1139333,,,0,yes
Clinton,clinton,5192084,0.21,14.86127728287909,771610,5963694,35,35th District,1,no
Colchester,colchester,12040218,0.49,14.861284073095687,1789331,13829549,48,48th District,1,no
Colebrook,colebrook,403912,0.02,14.86140545465349,60027,463939,63,63rd District,1,no
Columbia,columbia,2316189,0.09,14.861265639375715,344215,2660404,8,8th District,1,no
Cornwall,cornwall,32190,0,14.861758310034173,4784,36974,,,0,yes
Coventry,coventry,7952911,0.32,14.86128789822997,1181905,9134816,8,8th District,1,no
Cromwell,cromwell,6177563,0.25,14.861281058566297,918065,7095628,32,32nd District,1,no
Danbury,danbury,62336919,2.54,14.861286294884096,9264068,71600987,108,108th District,1,no
Darien,darien,540833,0.02,14.861334275090462,80375,621208,125; 141,125th District; 141st District,2,no
Deep River,deepriver,1676105,0.07,14.861300455520388,249091,1925196,,,0,yes
Derby,derby,10990454,0.45,14.861287804853193,1633323,12623777,105,105th District,1,no
Durham,durham,3293232,0.13,14.861297351659402,489417,3782649,86,86th District,1,no
Eastford,eastford,947176,0.04,14.86133516896543,140763,1087939,,,0,yes
East Granby,eastgranby,2044159,0.08,14.861270576310357,303788,2347947,61,61st District,1,no
East Haddam,easthaddam,3555957,0.14,14.861287692736441,528461,4084418,34,34th District,1,no
East Hampton,easthampton,6960947,0.28,14.86128252377155,1034486,7995433,34,34th District,1,no
East Hartford,easthartford,70969366,2.89,14.861285360785104,10546960,81516326,,,0,yes
East Haven,easthaven,20005957,0.81,14.861283566689663,2973142,22979099,86,86th District,1,no
East Lyme,eastlyme,6076507,0.25,14.861284616309995,903047,6979554,,,0,yes
Easton,easton,302113,0.01,14.86132672212053,44898,347011,112,112th District,1,no
East Windsor,eastwindsor,5669122,0.23,14.86127834257227,842504,6511626,59,59th District,1,no
Ellington,ellington,10341646,0.42,14.86128997260204,1536902,11878548,,,0,yes
Enfield,enfield,29823645,1.21,14.861285399554616,4432177,34255822,59,59th District,1,no
Essex,essex,215553,0.01,14.861310211409723,32034,247587,,,0,yes
Fairfield,fairfield,1131021,0.05,14.861262522977025,168084,1299105,,,0,yes
Farmington,farmington,3707985,0.15,14.861279104419248,551054,4259039,,,0,yes
Franklin,franklin,736256,0.03,14.861271079624478,109417,845673,48,48th District,1,no
Glastonbury,glastonbury,6717318,0.27,14.861288389205335,998280,7715598,55,55th District,1,no
Goshen,goshen,400335,0.02,14.86130365818627,59495,459830,,,0,yes
Granby,granby,5447238,0.22,14.861293007575583,809530,6256768,62,62nd District,1,no
Greenwich,greenwich,1019227,0.04,14.861262505800966,151470,1170697,149,149th District,1,no
Griswold,griswold,10925151,0.44,14.861286585421107,1623618,12548769,45,45th District,1,no
Groton,groton,25040045,1.02,14.861287190178771,3721273,28761318,,,0,yes
Guilford,guilford,1766084,0.07,14.861297650621374,262463,2028547,86,86th District,1,no
Haddam,haddam,3942046,0.16,14.861292841331633,585839,4527885,,,0,yes
Hamden,hamden,42723021,1.74,14.861285207335875,6349190,49072211,,,0,yes
Hampton,hampton,1058408,0.04,14.861282227647562,157293,1215701,,,0,yes
Hartford,hartford,226674245,9.23,14.861286071560533,33686708,260360953,,,0,yes
Hartland,hartland,1071722,0.04,14.86131664741416,159272,1230994,62,62nd District,1,no
Harwinton,harwinton,2889911,0.12,14.861288115793187,429478,3319389,76,76th District,1,no
Hebron,hebron,5997693,0.24,14.861280829145473,891334,6889027,55,55th District,1,no
Kent,kent,41751,0,14.861919474982635,6205,47956,,,0,yes
Killingly,killingly,15574402,0.63,14.861283277521666,2314556,17888958,44; 51,44th District; 51st District,2,no
Killingworth,killingworth,2207225,0.09,14.861285097803803,328022,2535247,35,35th District,1,no
Lebanon,lebanon,4578589,0.19,14.861281499606102,680437,5259026,8; 48,8th District; 48th District,2,no
Ledyard,ledyard,12032619,0.49,14.861286640921648,1788202,13820821,43; 45,43rd District; 45th District,2,no
Lisbon,lisbon,2899516,0.12,14.861273398732756,430905,3330421,45; 47,45th District; 47th District,2,no
Litchfield,litchfield,1557217,0.06,14.861255688834632,231422,1788639,66; 76,66th District; 76th District,2,no
Lyme,lyme,321391,0.01,14.861337125183965,47763,369154,23,23rd District,1,no
Madison,madison,395466,0.02,14.861201721513353,58771,454237,,,0,yes
Manchester,manchester,51701477,2.11,14.86128529751674,7683504,59384981,,,0,yes
Mansfield,mansfield,13112190,0.53,14.861285567094438,1948640,15060830,,,0,yes
Marlborough,marlborough,2952086,0.12,14.861287916408939,438718,3390804,55,55th District,1,no
Meriden,meriden,83706615,3.41,14.861285455157875,12439879,96146494,,,0,yes
Middlebury,middlebury,2744963,0.11,14.861293212331095,407937,3152900,71,71st District,1,no
Middlefield,middlefield,2100359,0.09,14.861268954497778,312140,2412499,90,90th District,1,no
Middletown,middletown,28184338,1.15,14.861285725426654,4188555,32372893,,,0,yes
Milford,milford,9673235,0.39,14.861284771847266,1437567,11110802,119,119th District,1,no
Monroe,monroe,5272935,0.21,14.861286930333865,783626,6056561,112,112th District,1,no
Montville,montville,12802864,0.52,14.861284162668603,1902670,14705534,,,0,yes
Morris,morris,311169,0.01,14.86137757938612,46244,357413,66,66th District,1,no
Naugatuck,naugatuck,34096586,1.39,14.861285525770821,5067191,39163777,70; 131,70th District; 131st District,2,no
New Britain,newbritain,124491915,5.07,14.861286373496624,18501100,142993015,,,0,yes
New Canaan,newcanaan,473399,0.02,14.861248122619608,70353,543752,125,125th District,1,no
New Fairfield,newfairfield,3481120,0.14,14.861280277611803,517339,3998459,108,108th District,1,no
New Hartford,newhartford,3011733,0.12,14.861277543527265,447582,3459315,62,62nd District,1,no
New Haven,newhaven,170824330,6.96,14.86128586015821,25386692,196211022,,,0,yes
Newington,newington,16889688,0.69,14.861286958053931,2510025,19399713,,,0,yes
New London,newlondon,31150657,1.27,14.86128526919994,4629388,35780045,,,0,yes
New Milford,newmilford,11645304,0.47,14.861286575258148,1730642,13375946,67; 69; 108,67th District; 69th District; 108th District,3,no
Newtown,newtown,4495691,0.18,14.861274940826672,668117,5163808,106; 107,106th District; 107th District,2,no
Norfolk,norfolk,55415,0,14.86059731119733,8235,63650,,,0,yes
North Branford,northbranford,7331325,0.3,14.861283601531783,1089529,8420854,86,86th District,1,no
North Canaan,northcanaan,1797318,0.07,14.861310018594374,267105,2064423,,,0,yes
North Haven,northhaven,4399467,0.18,14.86127751384429,653817,5053284,87,87th District,1,no
North Stonington,northstonington,2660307,0.11,14.861292324532469,395356,3055663,43,43rd District,1,no
Norwalk,norwalk,16447293,0.67,14.861284467906055,2444279,18891572,141,141st District,1,no
Norwich,norwich,49231266,2,14.86128550909091,7316399,56547665,47,47th District,1,no
Old Lyme,oldlyme,1494874,0.06,14.861319415549405,222158,1717032,23,23rd District,1,no
Old Saybrook,oldsaybrook,132244,0.01,14.861165723964792,19653,151897,23,23rd District,1,no
Orange,orange,1015498,0.04,14.861279884352307,150916,1166414,119,119th District,1,no
Oxford,oxford,3677011,0.15,14.861282710331844,546451,4223462,131,131st District,1,no
Plainfield,plainfield,15364444,0.63,14.861286226823436,2283354,17647798,44; 47,44th District; 47th District,2,no
Plainville,plainville,12740359,0.52,14.861284521103368,1893381,14633740,,,0,yes
Plymouth,plymouth,9802121,0.4,14.861283593622238,1456721,11258842,78,78th District,1,no
Pomfret,pomfret,2670987,0.11,14.861285360056039,396943,3067930,,,0,yes
Portland,portland,4979837,0.2,14.861289636588507,740068,5719905,32,32nd District,1,no
Preston,preston,2952496,0.12,14.861290243915656,438779,3391275,45,45th District,1,no
Prospect,prospect,5836389,0.24,14.861278095068714,867362,6703751,89,89th District,1,no
Putnam,putnam,8340282,0.34,14.861284066893662,1239473,9579755,51,51st District,1,no
Redding,redding,280477,0.01,14.861111606299268,41682,322159,,,0,yes
Ridgefield,ridgefield,568700,0.02,14.86126252857394,84516,653216,,,0,yes
Rocky Hill,rockyhill,8574212,0.35,14.861284045694228,1274238,9848450,,,0,yes
Roxbury,roxbury,219447,0.01,14.861447183146728,32613,252060,69,69th District,1,no
Salem,salem,2525078,0.1,14.861283493024771,375259,2900337,34,34th District,1,no
Salisbury,salisbury,72338,0,14.860792391274297,10750,83088,,,0,yes
Scotland,scotland,1274671,0.05,14.861325000725678,189433,1464104,47,47th District,1,no
Seymour,seymour,11911359,0.48,14.861284929788448,1770181,13681540,105,105th District,1,no
Sharon,sharon,29987,0,14.85977256811285,4456,34443,,,0,yes
Shelton,shelton,9087506,0.37,14.861283172742883,1350520,10438026,122,122nd District,1,no
Sherman,sherman,46995,0,14.861155442068306,6984,53979,108,108th District,1,no
Simsbury,simsbury,8273772,0.34,14.861286968023773,1229589,9503361,,,0,yes
Somers,somers,5692630,0.23,14.86128555693941,845998,6538628,52,52nd District,1,no
Southbury,southbury,8158182,0.33,14.861288948934948,1212411,9370593,69; 131,69th District; 131st District,2,no
Southington,southington,20848374,0.85,14.861283666534378,3098336,23946710,30; 80,30th District; 80th District,2,no
South Windsor,southwindsor,11408078,0.46,14.861285134971903,1695387,13103465,,,0,yes
Sprague,sprague,2706745,0.11,14.861281723989514,402257,3109002,47,47th District,1,no
Stafford,stafford,9551487,0.39,14.861288090535012,1419474,10970961,52,52nd District,1,no
Stamford,stamford,22003161,0.9,14.861287430474194,3269953,25273114,125; 149,125th District; 149th District,2,no
Sterling,sterling,3174585,0.13,14.861281080834187,471784,3646369,44,44th District,1,no
Stonington,stonington,1073011,0.04,14.861264236806518,159463,1232474,43,43rd District,1,no
Stratford,stratford,30304368,1.23,14.861286663361534,4503619,34807987,122,122nd District,1,no
Suffield,suffield,6163712,0.25,14.861288132865392,916007,7079719,61,61st District,1,no
Thomaston,thomaston,5481226,0.22,14.861291981027602,814581,6295807,76,76th District,1,no
Thompson,thompson,7534704,0.31,14.861287185269653,1119754,8654458,51,51st District,1,no
Tolland,tolland,9105528,0.37,14.861290855401247,1353199,10458727,8; 53,8th District; 53rd District,2,no
Torrington,torrington,34701422,1.41,14.861287240620861,5157078,39858500,63,63rd District,1,no
Trumbull,trumbull,3417049,0.14,14.86127357260607,507817,3924866,112; 122; 123,112th District; 122nd District; 123rd District,3,no
Union,union,211728,0.01,14.861520441320941,31466,243194,52,52nd District,1,no
Vernon,vernon,23512721,0.96,14.861287215546001,3494293,27007014,53,53rd District,1,no
Voluntown,voluntown,2117243,0.09,14.86130784232136,314650,2431893,45,45th District,1,no
Wallingford,wallingford,21286162,0.87,14.861284058629263,3163397,24449559,90,90th District,1,no
Warren,warren,173740,0.01,14.861286980545643,25820,199560,66,66th District,1,no
Washington,washington,337108,0.01,14.861409399954912,50099,387207,,,0,yes
Waterbury,waterbury,201118542,8.19,14.861286136412028,29888802,231007344,68; 71; 89,68th District; 71st District; 89th District,3,no
Waterford,waterford,326444,0.01,14.861354474274302,48514,374958,,,0,yes
Watertown,watertown,12991496,0.53,14.861283103962778,1930703,14922199,68,68th District,1,no
Westbrook,westbrook,80365,0,14.860946929633547,11943,92308,23; 35,23rd District; 35th District,2,no
West Hartford,westhartford,25567009,1.04,14.861284712654498,3799586,29366595,,,0,yes
West Haven,westhaven,59004684,2.4,14.861286266697062,8768855,67773539,,,0,yes
Weston,weston,263792,0.01,14.861330138897314,39203,302995,,,0,yes
Westport,westport,610400,0.02,14.861238532110091,90713,701113,,,0,yes
Wethersfield,wethersfield,14726361,0.6,14.86128854236291,2188527,16914888,,,0,yes
Willington,willington,3456594,0.14,14.861276736579418,513694,3970288,53,53rd District,1,no
Wilton,wilton,461796,0.02,14.861324047847969,68629,530425,,,0,yes
Winchester,winchester,8024957,0.33,14.861288353320774,1192612,9217569,63,63rd District,1,no
Windham,windham,33829263,1.38,14.861287400792623,5027464,38856727,,,0,yes
Windsor,windsor,12130392,0.49,14.861283955209363,1802732,13933124,,,0,yes
Windsor Locks,windsorlocks,5225299,0.21,14.861293104949592,776547,6001846,61,61st District,1,no
Wolcott,wolcott,12387171,0.5,14.861286729633424,1840893,14228064,80,80th District,1,no
Woodbridge,woodbridge,653255,0.03,14.861271632057926,97082,750337,,,0,yes
Woodbury,woodbury,2936816,0.12,14.86129876710015,436449,3373265,66,66th District,1,no
Woodstock,woodstock,4990532,0.2,14.861281322311932,741657,5732189,52,52nd District,1,no
