classification,tenantSlug,tenantName,email,firstname_a,firstname_b,lastname,phone,address,town,zip,issues,createdAt_a,createdAt_b,hours_apart,other_a,other_b,submissionId_a,submissionId_b
strong_blank_other,lanoue,"Lanoue, Brian",ajxb2041@yahoo.com,Aaron,Aaron,Beaulieu,,203 Congdon Rd Voluntown Ct 06384,,,"[""Veterans"",""Budget & Taxes""]",2026-01-29T17:36:22.052Z,2026-01-29T18:03:39.923Z,0.455,,"
Regarding the Veterans Home tax exemption for 100% disabled
veterans. I have submitted my VA permanent disability paperwork to the Voluntown town hall this past year 2025, as well they have a copy of my DD214 on
file . What is the deal with them asking us to file for this with a
Form D-2 each new year. This is unacceptable as a means not to grant. They are currently unsure if they can take my forms I sent in this past week as they say they were due by the first of January.
This is not the spirit of the law written last year, As I said if the disability is
permanent it’s permanent as stated on the Proof of Disability doc from the VA and the VA is not presently sending us new proof each year prior to January to submit, nor should we have a deadline to submit. At
a minimum there must be a large grace period and this must be granted regardless of submission date if received prior to tax bills being sent out.
Please help adjust this and remove the requirement. Regardless if I
can get a new VA letter of Disability and regardless if I die or move these would not and should not have bearing on my Tax bill to necessitate repeated filings. Please reach out by cell phone as listed, I could explain the issues for veterans with clarity via voice
to voice, thank you for your attention to this very important matter.
We cannot be changing back and forth a veterans Mortgage/Tax bill, it would be a dramatic increase and significant hardship. For all Veterans involved. Please Brian call me 860-237-0530 Thank you. ",697b9a96be288752a88c93e2,697ba0fbbe288752a88d9024
strong_blank_other,haines,"Haines, Irene",clevine199@yahoo.com,Christopher,Christopher,Levine,,97 Quiet Woods Rd,,,"[""Budget & Taxes""]",2026-01-20T12:09:25.123Z,2026-01-20T12:16:09.096Z,0.112,,My house was reaccessed at 180% of its current value. I highly doubt the mill rate will be lowered enough to make the taxes reasonably similar to what they are now. Insurance will also increase due to this reassessment. I am going to have to sell my house because I will no longer be able to afford it. How does the state expect me to keep my house and everyone else to keep theirs? I know I am not the only one in this situation. ,696f707550a0937b9452e5fc,696f720950a0937b9452e7f3
strong_blank_other,bolinsky,"Bolinsky, Mitch",maryslinger1@gmail.com,MARY,MARY,SLINGERLAND,,20 Butterfield Rd,,,"[""Transportation""]",2025-12-12T17:57:54.988Z,2025-12-23T17:11:18.592Z,263.223,,"Good day and happy holiday.  I did send a query a while back and didnt get any response at all.  I have sent to our reps at the state level and always get a response back.  
I had asked that you look into some of the traffic issues near exit 9 where a new housing complex will go on the corner of route 6 and route 25.  Since they are state roads, our local government suggested i reach out to you.

please respond
regards
Mary Slingerland",693c57a27d8e0607623a9139,694acd367d8e060762739a1f
strong_blank_other,vail,"Vail, Kurt",n.rosie.higgins@gmail.com,Nancy,Nancy,Higgins,,"25 PROSPECT ST, APT 2",,,"[""Veterans""]",2025-12-09T16:37:58.297Z,2025-12-09T16:40:18.903Z,0.039,,Invitation to speak at Stafford VFW coffee hour Jan 13 at 9 am on the Town Hall Veteran's Room.,693850667d8e0607622de886,693850f27d8e0607622de975
strong_blank_other,anderson,"Anderson, Mark",harmonylovell@gmail.com,Harmony,Harmony,A Lovell,,8 Hampton Village Drive,,,,2025-11-13T11:44:56.481Z,2025-11-13T11:48:20.771Z,0.057,,"Hello Representative Anderson,
My name is Harmony Lovell and I live in Granby. I am a member of First Church of Christ, Simsbury and my congregation is part of GHIAA. I would like to register my strong support for passing immigrant protections (specifically courthouses and personal data) in the special session this week. I also support allocating the state budget surplus to bridge the gaps from federal cuts so that no one in our state loses lifesaving benefits like HUSKY and SNAP. Please be present for the special session and vote in favor of these priorities. In addition, please continue to work toward further protections such as allowing remote court hearings and prohibiting the National Guard from participating in federal immigration enforcement. 
Thank you,
Harmony Lovell
8 Hampton Village Drive
Granby, CT 06035",6915c4b8fe3b93fad6235c8d,6915c584fe3b93fad6235d90
strong_exact,bronko,"Bronko, Seth",hmaluk1949@gmail.com,Helen,Helen,Maluk,,53 Conrad St Apt 10C,,,,2025-10-07T12:20:09.157Z,2025-10-07T12:21:35.370Z,0.024,I would like your views on immigration and crime,I would like  your views on immigration and crime,68e505793235863a940fd6ca,68e505cf3235863a940fd783
