tenantSlug,repName,senderEmail,firstNameA,firstNameB,lastName,classification,hoursApart,createdAtA,createdAtB,issues,otherA_blank,otherB_blank,submissionIdA,submissionIdB,reason
lanoue,"Lanoue, Brian",ajxb2041@yahoo.com,Aaron,Aaron,Beaulieu,strong_blank_other,0.455,2026-01-29T17:36:22.052Z,2026-01-29T18:03:39.923Z,"[""Veterans"",""Budget & Taxes""]",yes,no,697b9a96be288752a88c93e2,697ba0fbbe288752a88d9024,Same sender/contact details; one submission has blank other and the other fills it in.
haines,"Haines, Irene",clevine199@yahoo.com,Christopher,Christopher,Levine,strong_blank_other,0.112,2026-01-20T12:09:25.123Z,2026-01-20T12:16:09.096Z,"[""Budget & Taxes""]",yes,no,696f707550a0937b9452e5fc,696f720950a0937b9452e7f3,Same sender/contact details; one submission has blank other and the other fills it in.
ackert,"Ackert, Tim",jason.schuetz@cga.ct.gov,Jason,Jason,Schuetz,strong_exact,258.899,2025-12-18T20:58:59.390Z,2025-12-29T15:52:55.480Z,,no,no,69446b137d8e0607625a5562,6952a3d77d8e06076287776b,Same sender/contact details; message is effectively identical aside from minor formatting.
bolinsky,"Bolinsky, Mitch",maryslinger1@gmail.com,MARY,MARY,SLINGERLAND,strong_blank_other,263.223,2025-12-12T17:57:54.988Z,2025-12-23T17:11:18.592Z,"[""Transportation""]",yes,no,693c57a27d8e0607623a9139,694acd367d8e060762739a1f,Same sender/contact details; one submission has blank other and the other fills it in.
vail,"Vail, Kurt",n.rosie.higgins@gmail.com,Nancy,Nancy,Higgins,strong_blank_other,0.039,2025-12-09T16:37:58.297Z,2025-12-09T16:40:18.903Z,"[""Veterans""]",yes,no,693850667d8e0607622de886,693850f27d8e0607622de975,Same sender/contact details; one submission has blank other and the other fills it in.
anderson,"Anderson, Mark",harmonylovell@gmail.com,Harmony,Harmony,A Lovell,strong_blank_other,0.057,2025-11-13T11:44:56.481Z,2025-11-13T11:48:20.771Z,,yes,no,6915c4b8fe3b93fad6235c8d,6915c584fe3b93fad6235d90,Same sender/contact details; one submission has blank other and the other fills it in.
pizzuto,"Pizzuto, Bill",lsteffero@gmail.com,Lauren,Lauren,Steffero,strong_exact,33.348,2025-10-27T06:15:41.567Z,2025-10-28T15:36:33.659Z,"[""Education""]",no,no,68ff0e0d7cb42f463b69f413,6900e3017cb42f463b7c9336,Same sender/contact details; message is effectively identical aside from minor formatting.
klarides-ditria,"Klarides-Ditria, Nicole",armin.hausler@gmail.com,Armin,Armin,Hausler,strong_exact,25.437,2025-10-27T14:05:48.683Z,2025-10-28T15:32:02.470Z,"[""Transportation""]",no,no,68ff7c3c7cb42f463b6af1dc,6900e1f27cb42f463b7c344c,Same sender/contact details; message is effectively identical aside from minor formatting.
bronko,"Bronko, Seth",hmaluk1949@gmail.com,Helen,Helen,Maluk,strong_exact,0.024,2025-10-07T12:20:09.157Z,2025-10-07T12:21:35.370Z,,no,no,68e505793235863a940fd6ca,68e505cf3235863a940fd783,Same sender/contact details; message is effectively identical aside from minor formatting.
